contribkey,citation
ahindle,Moore1991
ahindle,Carlier2018
akoot,Cameron2005
akoot,Harper2006
akoot,Hardt2005
cscholefield,Windley2005
cscholefield,Prasad2012
cscholefield,Hazelton2015
gdobbs,Hoffman1977
gdobbs,Cameron2005
gwilliamson,NIST-USA2017
gwilliamson,DTA-AUS2018
gwilliamson,Williamson2017
iglazer,Richer2017
iglazer,Clippinger2007
shaq,Windley2005
shutchinson,Birch2014
shutchinson,Hardjono2016
shutchinson,Richer2017
shutchinson,Nayyar2018
shutchinson,Schwartz2018
ssquire,NSTIC2011
ssquire,Richer2017
ssquire,Gilman2017
ssquire,Hardt2005
